{"cameraMode":{"drawMode":0,"name":"Shaded","section":"Shading Mode"},"sceneLighting":true,"audioPlay":false,"sceneViewState":{"m_AlwaysRefresh":false,"showFog":true,"showSkybox":true,"showFlares":true,"showImageEffects":true,"showParticleSystems":true,"showVisualEffectGraphs":true,"m_FxEnabled":true},"in2DMode":false,"pivot":{"x":30.128440856933595,"y":-20.895553588867189,"z":13.565594673156739},"rotation":{"x":0.15694625675678254,"y":0.15840525925159455,"z":-0.0255119726061821,"w":0.9744864702224731},"size":34.66663360595703,"orthographic":false}