{"cameraMode":{"drawMode":0,"name":"Shaded","section":"Shading Mode"},"sceneLighting":true,"audioPlay":false,"sceneViewState":{"m_AlwaysRefresh":false,"showFog":true,"showSkybox":true,"showFlares":true,"showImageEffects":true,"showParticleSystems":true,"showVisualEffectGraphs":true,"m_FxEnabled":true},"in2DMode":false,"pivot":{"x":-17.911611557006837,"y":13.499917030334473,"z":8.287866592407227},"rotation":{"x":0.02590341866016388,"y":0.9728056788444519,"z":-0.13535957038402558,"w":0.18616372346878053},"size":23.07859992980957,"orthographic":true}