{"cameraMode":{"drawMode":0,"name":"Shaded","section":"Shading Mode"},"sceneLighting":true,"audioPlay":false,"sceneViewState":{"m_AlwaysRefresh":false,"showFog":true,"showSkybox":true,"showFlares":true,"showImageEffects":true,"showParticleSystems":true,"showVisualEffectGraphs":true,"m_FxEnabled":true},"in2DMode":false,"pivot":{"x":0.6330000162124634,"y":0.8690000176429749,"z":4.230000019073486},"rotation":{"x":0.10658657550811768,"y":0.8217702507972717,"z":-0.16362400352954865,"w":0.5353124141693115},"size":3.8679823875427248,"orthographic":true}