{"cameraMode":{"drawMode":0,"name":"Shaded","section":"Shading Mode"},"sceneLighting":true,"audioPlay":false,"sceneViewState":{"m_AlwaysRefresh":false,"showFog":true,"showSkybox":true,"showFlares":true,"showImageEffects":true,"showParticleSystems":true,"showVisualEffectGraphs":true,"m_FxEnabled":true},"in2DMode":false,"pivot":{"x":3.0351974964141847,"y":2.0033011436462404,"z":1.1404131650924683},"rotation":{"x":-0.1600312441587448,"y":-0.7220361232757568,"z":0.17800764739513398,"w":-0.6491258144378662},"size":3.1591551303863527,"orthographic":true}