{"cameraMode":{"drawMode":0,"name":"Shaded","section":"Shading Mode"},"sceneLighting":true,"audioPlay":false,"sceneViewState":{"m_AlwaysRefresh":false,"showFog":true,"showSkybox":true,"showFlares":true,"showImageEffects":true,"showParticleSystems":true,"showVisualEffectGraphs":true,"m_FxEnabled":true},"in2DMode":false,"pivot":{"x":9.794551849365235,"y":-3.8783068656921388,"z":0.345499187707901},"rotation":{"x":0.08662831038236618,"y":0.045241829007864,"z":-0.003938052803277969,"w":0.9952050447463989},"size":1.1685349941253663,"orthographic":true}