{"cameraMode":{"drawMode":0,"name":"Shaded","section":"Shading Mode"},"sceneLighting":true,"audioPlay":false,"sceneViewState":{"m_AlwaysRefresh":false,"showFog":true,"showSkybox":true,"showFlares":true,"showImageEffects":true,"showParticleSystems":true,"showVisualEffectGraphs":true,"m_FxEnabled":true},"in2DMode":false,"pivot":{"x":18.600791931152345,"y":7.266323089599609,"z":3.759429693222046},"rotation":{"x":0.2757338583469391,"y":0.04611610993742943,"z":-0.013245715759694577,"w":0.9600353240966797},"size":3.610637664794922,"orthographic":true}