{"cameraMode":{"drawMode":0,"name":"Shaded","section":"Shading Mode"},"sceneLighting":true,"audioPlay":false,"sceneViewState":{"m_AlwaysRefresh":false,"showFog":true,"showSkybox":true,"showFlares":true,"showImageEffects":true,"showParticleSystems":true,"showVisualEffectGraphs":true,"m_FxEnabled":true},"in2DMode":false,"pivot":{"x":-0.18845708668231965,"y":0.9538823962211609,"z":0.5972169041633606},"rotation":{"x":0.02076352760195732,"y":-0.07790203392505646,"z":0.0016234690556302667,"w":0.9967443943023682},"size":1.3887250423431397,"orthographic":true}