{"cameraMode":{"drawMode":0,"name":"Shaded","section":"Shading Mode"},"sceneLighting":true,"audioPlay":false,"sceneViewState":{"m_AlwaysRefresh":false,"showFog":true,"showSkybox":true,"showFlares":true,"showImageEffects":true,"showParticleSystems":true,"showVisualEffectGraphs":true,"m_FxEnabled":true},"in2DMode":false,"pivot":{"x":5.113608360290527,"y":2.0887813568115236,"z":9.156500816345215},"rotation":{"x":0.05277000740170479,"y":0.9472089409828186,"z":-0.22689658403396607,"w":0.22029444575309754},"size":2.719907760620117,"orthographic":true}