{"cameraMode":{"drawMode":0,"name":"Shaded","section":"Shading Mode"},"sceneLighting":true,"audioPlay":false,"sceneViewState":{"m_AlwaysRefresh":false,"showFog":true,"showSkybox":true,"showFlares":true,"showImageEffects":true,"showParticleSystems":true,"showVisualEffectGraphs":true,"m_FxEnabled":true},"in2DMode":false,"pivot":{"x":0.6022889614105225,"y":1.6748172044754029,"z":0.008330143988132477},"rotation":{"x":0.21811819076538087,"y":0.4555653929710388,"z":-0.11613049358129502,"w":0.8552343249320984},"size":2.0611214637756349,"orthographic":true}