{"cameraMode":{"drawMode":0,"name":"Shaded","section":"Shading Mode"},"sceneLighting":true,"audioPlay":false,"sceneViewState":{"m_AlwaysRefresh":false,"showFog":true,"showSkybox":true,"showFlares":true,"showImageEffects":true,"showParticleSystems":true,"showVisualEffectGraphs":true,"m_FxEnabled":true},"in2DMode":false,"pivot":{"x":1.5768861770629883,"y":0.22545719146728517,"z":0.5775797963142395},"rotation":{"x":0.1527489721775055,"y":0.8266387581825256,"z":-0.26841798424720766,"w":0.4704170823097229},"size":1.6972156763076783,"orthographic":true}