{"cameraMode":{"drawMode":0,"name":"Shaded","section":"Shading Mode"},"sceneLighting":true,"audioPlay":false,"sceneViewState":{"m_AlwaysRefresh":false,"showFog":true,"showSkybox":true,"showFlares":true,"showImageEffects":true,"showParticleSystems":true,"showVisualEffectGraphs":true,"m_FxEnabled":true},"in2DMode":false,"pivot":{"x":1.4899635314941407,"y":1.8745158910751343,"z":2.7212605476379396},"rotation":{"x":0.043147407472133639,"y":0.9544587135314941,"z":-0.17053456604480744,"w":0.24101479351520539},"size":1.7746936082839966,"orthographic":true}