{"cameraMode":{"drawMode":0,"name":"Shaded","section":"Shading Mode"},"sceneLighting":true,"audioPlay":false,"sceneViewState":{"m_AlwaysRefresh":false,"showFog":true,"showSkybox":true,"showFlares":true,"showImageEffects":true,"showParticleSystems":true,"showVisualEffectGraphs":true,"m_FxEnabled":true},"in2DMode":false,"pivot":{"x":3.6343014240264894,"y":0.43542906641960146,"z":1.8924005031585694},"rotation":{"x":0.1132374182343483,"y":0.37889721989631655,"z":-0.04677421972155571,"w":0.9172918200492859},"size":3.4549593925476076,"orthographic":true}