{"cameraMode":{"drawMode":0,"name":"Shaded","section":"Shading Mode"},"sceneLighting":true,"audioPlay":false,"sceneViewState":{"m_AlwaysRefresh":false,"showFog":true,"showSkybox":true,"showFlares":true,"showImageEffects":true,"showParticleSystems":true,"showVisualEffectGraphs":true,"m_FxEnabled":true},"in2DMode":false,"pivot":{"x":0.22185635566711427,"y":0.12460256367921829,"z":2.0279598236083986},"rotation":{"x":-0.3106522858142853,"y":-0.17895376682281495,"z":0.059648580849170688,"w":-0.9316502809524536},"size":3.923252820968628,"orthographic":true}