{"cameraMode":{"drawMode":0,"name":"Shaded","section":"Shading Mode"},"sceneLighting":true,"audioPlay":false,"sceneViewState":{"m_AlwaysRefresh":false,"showFog":true,"showSkybox":true,"showFlares":true,"showImageEffects":true,"showParticleSystems":true,"showVisualEffectGraphs":true,"m_FxEnabled":true},"in2DMode":false,"pivot":{"x":0.013878554105758667,"y":0.3941163420677185,"z":-0.050264373421669009},"rotation":{"x":-0.011503653600811959,"y":0.28450319170951846,"z":0.003414356615394354,"w":0.9585981965065002},"size":0.8475109934806824,"orthographic":true}