{"cameraMode":{"drawMode":0,"name":"Shaded","section":"Shading Mode"},"sceneLighting":true,"audioPlay":false,"sceneViewState":{"m_AlwaysRefresh":false,"showFog":true,"showSkybox":true,"showFlares":true,"showImageEffects":true,"showParticleSystems":true,"showVisualEffectGraphs":true,"m_FxEnabled":true},"in2DMode":false,"pivot":{"x":8.251655578613282,"y":7.550659656524658,"z":7.987331867218018},"rotation":{"x":0.10529892891645432,"y":-0.05962875485420227,"z":0.006325537338852882,"w":0.9926338791847229},"size":59.39279556274414,"orthographic":true}