{"cameraMode":{"drawMode":0,"name":"Shaded","section":"Shading Mode"},"sceneLighting":true,"audioPlay":false,"sceneViewState":{"m_AlwaysRefresh":false,"showFog":true,"showSkybox":true,"showFlares":true,"showImageEffects":true,"showParticleSystems":true,"showVisualEffectGraphs":true,"m_FxEnabled":true},"in2DMode":false,"pivot":{"x":-0.06466879695653916,"y":0.6401032209396362,"z":-0.13363264501094819},"rotation":{"x":0.04726177826523781,"y":0.9507167339324951,"z":-0.182530015707016,"w":0.24617049098014832},"size":1.3062888383865357,"orthographic":true}