{"cameraMode":{"drawMode":0,"name":"Shaded","section":"Shading Mode"},"sceneLighting":true,"audioPlay":false,"sceneViewState":{"m_AlwaysRefresh":false,"showFog":true,"showSkybox":true,"showFlares":true,"showImageEffects":true,"showParticleSystems":true,"showVisualEffectGraphs":true,"m_FxEnabled":true},"in2DMode":false,"pivot":{"x":6.490788459777832,"y":0.6025533676147461,"z":6.059597015380859},"rotation":{"x":-0.03718117997050285,"y":-0.7208791971206665,"z":-0.03876591473817825,"w":0.6909870505332947},"size":0.45235171914100649,"orthographic":true}