{"cameraMode":{"drawMode":0,"name":"Shaded","section":"Shading Mode"},"sceneLighting":true,"audioPlay":false,"sceneViewState":{"m_AlwaysRefresh":false,"showFog":true,"showSkybox":true,"showFlares":true,"showImageEffects":true,"showParticleSystems":true,"showVisualEffectGraphs":true,"m_FxEnabled":true},"in2DMode":false,"pivot":{"x":-2.5828793048858644,"y":0.7209360599517822,"z":-1.2822376489639283},"rotation":{"x":0.1521230936050415,"y":-0.7823958396911621,"z":0.21023200452327729,"w":0.5661527514457703},"size":3.4519944190979006,"orthographic":true}