{"cameraMode":{"drawMode":0,"name":"Shaded","section":"Shading Mode"},"sceneLighting":true,"audioPlay":false,"sceneViewState":{"m_AlwaysRefresh":false,"showFog":true,"showSkybox":true,"showFlares":true,"showImageEffects":true,"showParticleSystems":true,"showVisualEffectGraphs":true,"m_FxEnabled":true},"in2DMode":false,"pivot":{"x":6.444144248962402,"y":2.4451608657836916,"z":0.0928717851638794},"rotation":{"x":0.3290625214576721,"y":0.02124454639852047,"z":-0.007405055221170187,"w":0.9440438747406006},"size":10.631797790527344,"orthographic":true}